<?xml version="1.0" encoding="UTF-8"?>
<?mso-infoPathSolution solutionVersion="1.0.0.5" href="manifest.xsf" productVersion="11.0.5531" PIVersion="1.0.0.0" ?>
<?mso-application progid="InfoPath.Document"?>
<my:myFields xmlns:my="http://schemas.microsoft.com/office/infopath/2003/myXSD/2004-05-24T13:57:28">
	<my:Name></my:Name>
	<my:Email></my:Email>
	<my:Manager></my:Manager>
	<my:BillCode></my:BillCode>
	<my:Project></my:Project>
	<my:Department></my:Department>
	<my:Summary></my:Summary>
</my:myFields>
